transform,target_column,reaction_id,reaction_label,skewness,kurtosis,std,mean
raw_rate_const,rate_const_001,1,AR3S-ELASTIC,-0.7108331275269053,-0.9965944726985909,6.615178137251452e-08,1.1254105747126438e-07
raw_rate_const,rate_const_002,2,AR3S > AR4SM,0.0,0.0,2.25694981355809e-10,1.5015061194277488e-10
raw_rate_const,rate_const_003,3,AR3S > AR4SR,0.0,0.0,3.128295245517132e-10,1.9824647811227409e-10
raw_rate_const,rate_const_004,4,AR3S > AR4SPM,0.0,0.0,4.0964299447250185e-11,2.724918705874227e-11
raw_rate_const,rate_const_005,5,AR3S > AR4SPR,0.0,0.0,6.224555701084699e-10,3.198458871090552e-10
raw_rate_const,rate_const_006,6,AR3S > AR4P,0.0,0.0,1.2398812274969006e-09,7.247078145228244e-10
raw_rate_const,rate_const_007,7,AR3S > AR3D,0.0,0.0,7.033477091219747e-10,3.65283615540243e-10
raw_rate_const,rate_const_008,8,AR3S > AR5S,0.0,0.0,1.3210280708462594e-10,6.753759075649063e-11
raw_rate_const,rate_const_009,9,AR3S > AR5P,0.0,0.0,3.9437036550450844e-10,2.0426499581242182e-10
raw_rate_const,rate_const_010,10,AR3S > AR4D,0.0,0.0,1.0557949341666773e-10,4.37584090858834e-11
raw_rate_const,rate_const_011,11,AR3S > AR6S,0.0,0.0,4.8495064720645114e-11,1.9954597222058727e-11
raw_rate_const,rate_const_012,12,AR3S > AR-RYD,0.0,0.0,7.189527330239469e-11,2.932165258649382e-11
raw_rate_const,rate_const_013,13,AR3S > AR^,3.151144792885629,9.14334573521705,4.047726933763688e-09,1.5674212763699763e-09
raw_rate_const,rate_const_014,14,AR3S > AR^^,0.0,0.0,3.393074586593428e-11,9.181875585089358e-12
raw_rate_const,rate_const_015,15,AR4SM-ELASTIC,-0.750512360123141,-0.4309347982249947,2.868781085393859e-07,6.164437766830871e-07
raw_rate_const,rate_const_016,16,AR4SM > AR3S,0.0,0.0,2.298044203882697e-10,4.968797536945813e-10
raw_rate_const,rate_const_017,17,AR4SM > AR4SR,-1.8081148538993592,1.4230545712588327,5.285232210480705e-08,1.657823316912972e-07
raw_rate_const,rate_const_018,18,AR4SM > AR4SPM,0.0,0.0,2.2510122102944976e-09,5.146660901477832e-09
raw_rate_const,rate_const_019,19,AR4SM > AR4SPR,-1.60838421025125,0.6960528629907632,6.882454050187941e-09,1.4970552336235798e-08
raw_rate_const,rate_const_020,20,"AR4SM>AR4P,3D,5S,5P",-1.041955078607177,-0.5846964330189888,7.814073868633175e-08,1.41673358537422e-07
raw_rate_const,rate_const_021,21,"AR4SM > AR4D,6S,RYD",-0.6293630747223262,-1.0171681098623448,1.783697591040169e-08,2.8956168469622332e-08
raw_rate_const,rate_const_022,22,AR4SM > AR^,0.17914335318780442,-0.8419790930049786,2.8408565999693464e-08,3.76806211338046e-08
raw_rate_const,rate_const_023,23,AR4SR-ELASTIC,-0.06732283278799651,-0.5267714695391419,1.9538595596267057e-07,6.795474548440066e-07
raw_rate_const,rate_const_024,24,AR4SR > AR3S,0.0,0.0,3.945616245514248e-10,9.89996223316913e-10
raw_rate_const,rate_const_025,25,AR4SR > AR4SM,1.3976399711299003,0.2650080346549024,2.1593224392360036e-08,3.32271921182266e-07
raw_rate_const,rate_const_026,26,AR4SR > AR4SPM,0.0,0.0,3.0929778568416894e-09,9.081885057471264e-09
raw_rate_const,rate_const_027,27,AR4SR > AR4SPR,-1.6654601071612298,0.8872662101694098,1.1302215950309712e-08,2.5533215484400656e-08
raw_rate_const,rate_const_028,28,"AR4SR>AR4P,3D,5S,5P",-1.0739737136423237,-0.5384291059180333,8.4878535972115e-08,1.5513720501691297e-07
raw_rate_const,rate_const_029,29,"AR4SR > AR4D,6S,RYD",-0.6492905605025299,-1.004274995726122,1.831139536056287e-08,2.988767378981937e-08
raw_rate_const,rate_const_030,30,AR4SR > AR^,0.1429133325479256,-0.873377988660641,2.959485536916985e-08,3.963351531592775e-08
raw_rate_const,rate_const_031,31,AR4SPM-ELASTIC,-0.6567722179090186,-0.4454930351431856,2.661774482369219e-07,6.301745484400657e-07
raw_rate_const,rate_const_032,32,AR4SPM > AR3S,0.0,0.0,2.149448515341494e-10,4.713132840722497e-10
raw_rate_const,rate_const_033,33,AR4SPM > AR4SM,0.0,0.0,2.159322439236004e-09,3.32271921182266e-08
raw_rate_const,rate_const_034,34,AR4SPM > AR4SR,0.0,0.0,2.159322439236004e-09,3.32271921182266e-08
raw_rate_const,rate_const_035,35,AR4SPM > AR4SPR,2.477052555521037,6.068486330444546,2.5312095615929377e-08,7.011282430213465e-08
raw_rate_const,rate_const_036,36,"AR4SPM>AR4P,3D,5S,5P",-1.1161235160573815,-0.4743360770822287,9.523861157590539e-08,1.759475965719212e-07
raw_rate_const,rate_const_037,37,"AR4SPM > AR4D,6S,RYD",-0.6752661029988699,-0.9864501101507828,1.8978435265516923e-08,3.119490467980295e-08
raw_rate_const,rate_const_038,38,AR4SPM > AR^,0.09481270242225756,-0.9126839566640523,3.123204709161706e-08,4.235529432431855e-08
raw_rate_const,rate_const_039,39,AR4SPR-ELASTIC,-0.5076019015590669,-0.5856263902776004,2.4830368125088314e-07,6.384211822660097e-07
raw_rate_const,rate_const_040,40,AR4SPR > AR3S,0.0,0.0,7.849001918522887e-10,1.5017701642036123e-09
raw_rate_const,rate_const_041,41,AR4SPR > AR4SM,0.0,0.0,2.159322439236004e-09,3.32271921182266e-08
raw_rate_const,rate_const_042,42,AR4SPR > AR4SR,0.0,0.0,2.159322439236004e-09,3.32271921182266e-08
raw_rate_const,rate_const_043,43,AR4SPR > AR4SPM,1.5872904152971745,0.7007651984159664,4.57127638643005e-08,4.4417668308702787e-08
raw_rate_const,rate_const_044,44,"AR4SPR>AR4P,3D,5S,5P",-1.1611517510972666,-0.40176782500312314,1.0874692656329295e-07,2.0325336504334982e-07
raw_rate_const,rate_const_045,45,"AR4SPR > AR4D,6S,RYD",-0.7025480484055382,-0.966253173562083,1.9755462413855407e-08,3.271260719211823e-08
raw_rate_const,rate_const_046,46,AR4SPR > AR^,0.04418062511954914,-0.949486374610319,3.3102164746324694e-08,4.548648791180624e-08
raw_rate_const,rate_const_047,47,AR4P-ELASTIC,-0.7686804265196154,-0.4282298619137199,2.91693189125239e-07,6.132614778325123e-07
raw_rate_const,rate_const_048,48,AR4P > AR3S,0.0,0.0,3.110803760330913e-10,7.622131362889983e-10
raw_rate_const,rate_const_049,49,AR4P > AR4SM,-1.3557814027978892,0.020325093283986018,2.1631060498306852e-08,4.7205620689655176e-08
raw_rate_const,rate_const_050,50,AR4P > AR4SR,-1.3678952237844868,0.04740447995804642,1.3895910076176254e-08,3.0561287356321847e-08
raw_rate_const,rate_const_051,51,AR4P > AR4SPM,-1.384821402519345,0.08622911646158515,5.097293801372718e-09,1.1336563875205254e-08
raw_rate_const,rate_const_052,52,AR4P > AR4SPR,-1.4045161497984537,0.13275843237547447,1.7085906540647473e-08,3.8517285714285714e-08
raw_rate_const,rate_const_053,53,"AR4P > AR4D,6S,RYD",-0.9402714641609278,-0.7182887457556686,6.523354966528358e-08,1.1521296072796469e-07
raw_rate_const,rate_const_054,54,AR4P > AR^,-0.46729170678211285,-1.0768785047964504,6.448906188107318e-08,1.0078692914614122e-07
raw_rate_const,rate_const_055,55,AR4D-ELASTIC,-1.107611390409678,-0.30817649315599605,3.5545737590414413e-07,7.580283579638753e-07
raw_rate_const,rate_const_056,56,AR4D > AR3S,0.0,0.0,2.612525339407123e-11,4.931084729064039e-11
raw_rate_const,rate_const_057,57,AR4D > AR4SM,-1.4255973072198598,0.19702586765827945,6.1764233768179344e-09,1.4057783251231528e-08
raw_rate_const,rate_const_058,58,AR4D > AR4SR,-1.4244435426160214,0.19435273284754473,3.769393766454465e-09,8.563777832512314e-09
raw_rate_const,rate_const_059,59,AR4D > AR4SPM,0.0,0.0,1.2867467311600495e-09,2.916217569786535e-09
raw_rate_const,rate_const_060,60,AR4D > AR4SPR,-1.4216194460620162,0.18743164608085738,3.968117075205768e-09,8.968333004926109e-09
raw_rate_const,rate_const_061,61,"AR4D > AR4P,3D,5S,5P",-1.3796362770107213,0.08495653669439074,1.1724930400941706e-08,2.5081614121510673e-08
raw_rate_const,rate_const_062,62,AR4D > AR^,-1.224624873346716,-0.3250377767805155,3.3483634209741574e-07,6.314401721633826e-07
raw_rate_const,rate_const_063,63,AR+ -ELASTIC,1.9200669229893443,2.0883071391720485,0.0014599241007203182,0.0006926595254515599
raw_rate_const,rate_const_064,64,AR+ -RECOMBINATION,0.0,0.0,6.331906426778935e-13,5.15231527093596e-13
raw_rate_const,rate_const_065,65,AR+ IONIZATION,0.0,0.0,9.652024523053928e-10,2.989244476741403e-10
raw_rate_const,rate_const_066,66,AR2+ -MOMTIC,1.9200669229893443,2.0883071391720485,0.0014599241007203182,0.0006926595254515599
raw_rate_const,rate_const_067,67,AR2+ -RECOMBINATION,1.6878185029306283,1.0370374997470773,2.9595949855160034e-07,2.4082477832512314e-07
raw_rate_const,rate_const_068,68,H -ELASTIC,-0.9077946044084954,0.01108794353919107,2.5346814391682576e-08,1.1260927750410509e-07
raw_rate_const,rate_const_069,69,H > H*,2.1484859561805623,4.063492456529245,2.713724622568597e-09,1.7745396500290639e-09
raw_rate_const,rate_const_070,70,H > H**,0.0,0.0,3.979823077012571e-10,2.2080456639623757e-10
raw_rate_const,rate_const_071,71,H > H***,0.0,0.0,1.316603416629239e-10,6.866207511862071e-11
raw_rate_const,rate_const_072,72,H > H+,0.0,0.0,1.3799730181935678e-09,6.153023746625944e-10
raw_rate_const,rate_const_073,73,H* -ELASTIC,-0.7840668458906656,-0.5309752955705713,8.040596628040898e-08,2.122718062397373e-07
raw_rate_const,rate_const_074,74,H*  > H,-0.9489177733357754,-0.4524344389994459,8.578851153042165e-09,1.789234482758621e-08
raw_rate_const,rate_const_075,75,H*  > H**,-0.975655121778895,-0.6779293161040951,2.7744128176638244e-08,4.9403370568069126e-08
raw_rate_const,rate_const_076,76,H*  > H***,-0.6781744739870864,-0.9511031217019585,1.4415828453136292e-08,2.3870371247947455e-08
raw_rate_const,rate_const_077,77,H*  > H^,-0.29111551545297154,-1.0840291399692321,5.0267283566265186e-08,7.520595224466338e-08
raw_rate_const,rate_const_078,78,H+ -ELASTIC,1.9200669229893443,2.0883071391720485,0.0014599241007203182,0.0006926595254515599
raw_rate_const,rate_const_079,79,H+ -RECOMBINATION,0.0,0.0,8.2990132984762e-13,6.752972085385879e-13
raw_rate_const,rate_const_080,80,H- -ELASTIC,1.9200722333295,2.08832877901094,0.001459913657672915,0.0006926818374384236
raw_rate_const,rate_const_081,81,H- -DETACHMENT,0.07372695355938946,-0.7897689291041576,1.884897734032693e-07,2.6483963438116104e-07
raw_rate_const,rate_const_082,82,H2-ELASTIC,-1.424532475054994,0.39086221436544255,3.1561431357311554e-08,7.909410509031198e-08
raw_rate_const,rate_const_083,83,H2-ROTATIONAL (0-2),-1.2953332079777315,-0.12727994973504497,7.422688430876433e-09,1.4640766223316913e-08
raw_rate_const,rate_const_084,84,H2-ROTATIONAL (1-3),-1.289834013677699,-0.14057946556367273,4.292114728415824e-09,8.427149835796388e-09
raw_rate_const,rate_const_085,85,H2 > H2(V=1),0.0,0.0,1.2101842336894874e-09,2.2704808887265234e-09
raw_rate_const,rate_const_086,86,H2 > H2(V=2),0.0,0.0,9.79273156968767e-11,1.771530800668532e-10
raw_rate_const,rate_const_087,87,H2 > H2(b 3 SIGMA),0.0,0.0,7.566690905031436e-10,7.054123125008209e-10
raw_rate_const,rate_const_088,88,H2 > H2(c 3 PI),0.0,0.0,5.475101080034987e-10,4.959127794538626e-10
raw_rate_const,rate_const_089,89,H2 > H + H,0.0,0.0,2.7909648704661287e-09,2.7224657447454844e-09
raw_rate_const,rate_const_090,90,H2 > H2+,0.0,0.0,1.572892657741656e-09,6.367294367224205e-10
raw_rate_const,rate_const_091,91,H2 > H*(ALPHA),0.0,0.0,1.9839675389151448e-11,8.922665818966062e-12
raw_rate_const,rate_const_092,92,H2 > H + H,0.0,0.0,1.2920458179693497e-09,7.671759251008161e-10
raw_rate_const,rate_const_093,93,H2* -ELASTIC,-1.4658380962342659,0.45885713862100985,3.165896516743284e-08,7.969062397372743e-08
raw_rate_const,rate_const_094,94,H2*  > H2,0.0,0.0,2.546029887957678e-09,5.7220876847290636e-09
raw_rate_const,rate_const_095,95,H2*  > H2^,1.170666176298594,0.8497717716622422,1.0417917759200294e-08,1.0257390829228243e-08
raw_rate_const,rate_const_096,96,H2+ -ELASTIC,1.9200669270150408,2.0883071553413304,0.001459924093014794,0.0006926595418719211
raw_rate_const,rate_const_097,97,H2+ > H+ + H,-1.4457380744600639,0.256585274500996,3.783568103413589e-08,9.888067323481115e-08
raw_rate_const,rate_const_098,98,H2+ > H + H,1.632154994142986,0.8479437980548346,4.97655634981643e-08,4.5570935960591135e-08
raw_rate_const,rate_const_099,99,H2+ > H+ + H-,0.0,0.0,1.8761863500450861e-10,2.0697229885057473e-10
raw_rate_const,rate_const_100,100,H3+ -ELASTIC,1.9200670754799747,2.0883077541651733,0.0014599238065890728,0.0006926601527093596
raw_rate_const,rate_const_101,101,H3+ > H+ + H,2.8580902154341112,7.434540418632217,1.387312516203273e-08,6.261488409594111e-09
raw_rate_const,rate_const_102,102,H3+ > H + H2,1.6328847064060086,0.8684258072997677,5.936144304429081e-08,5.972024630541873e-08
raw_rate_const,rate_const_103,103,H3+ > H2 + H,0.0,0.0,1.2645599989024387e-09,6.808100492610838e-10
raw_rate_const,rate_const_104,104,H3+ > H + H + H,0.0,0.0,3.161370963692129e-09,1.7020159277504105e-09
raw_rate_const,rate_const_105,105,H3+ > H^ + H + H,0.0,0.0,2.0935774214227968e-10,8.799356179784899e-11
raw_rate_const,rate_const_106,106,OH-MOM TRANS,-1.3965654230187583,0.34428935953382656,7.471878186989533e-08,1.6530256486042693e-07
raw_rate_const,rate_const_107,107,OH-V1,0.1794588257852172,1.1205802476233329,2.613396811871771e-09,4.47015976617423e-09
raw_rate_const,rate_const_108,108,OH-A1PI,1.8465717287490462,2.9238514900759487,2.802036561117451e-09,2.110443871376026e-09
raw_rate_const,rate_const_109,109,OH-DISSOC,0.0,0.0,1.6526422661179588e-09,8.110291199669954e-10
raw_rate_const,rate_const_110,110,OH-C1SIGMA,0.0,0.0,2.458214905376435e-10,1.253720838484074e-10
raw_rate_const,rate_const_111,111,OH-E1PI,0.0,0.0,6.670861828661674e-11,2.5797910808883897e-11
raw_rate_const,rate_const_112,112,OH-B1SIGMA,0.0,0.0,1.0535073569921264e-10,5.4795684611665345e-11
raw_rate_const,rate_const_113,113,OH-I1SIGMA,0.0,0.0,7.79059667087878e-11,6.571950688848933e-11
raw_rate_const,rate_const_114,114,OH-D1DELTA,0.0,0.0,3.2654103946095886e-11,2.598754985767415e-11
raw_rate_const,rate_const_115,115,OH-A3PI,-0.6766626051266863,-1.25882031137854,4.5074985513636754e-09,7.018371625615764e-09
raw_rate_const,rate_const_116,116,OH-A3SIGMA,0.0,0.0,8.927824040611028e-10,8.674188492824302e-10
raw_rate_const,rate_const_117,117,OH-D3DELTA,0.0,0.0,1.1712745129455467e-10,1.0345055212003285e-10
raw_rate_const,rate_const_118,118,OH-E3SIGMA,0.0,0.0,5.3328124651935034e-11,5.308193375057471e-11
raw_rate_const,rate_const_119,119,OH-B3SIGMA,0.0,0.0,5.756458944510921e-11,6.102180360825944e-11
raw_rate_const,rate_const_120,120,OH^-X2SIGMA--Not Used,0.0,0.0,0.0,0.0
raw_rate_const,rate_const_121,121,OH^-A2PI--Not Used,0.0,0.0,0.0,0.0
raw_rate_const,rate_const_122,122,OH^-B2SIGMA--Not Used,0.0,0.0,0.0,0.0
raw_rate_const,rate_const_123,123,"OH-DISSOC, C^+O--Not Used",0.0,0.0,0.0,0.0
raw_rate_const,rate_const_124,124,"OH-DISSOC,C+O^--Not used",0.0,0.0,0.0,0.0
raw_rate_const,rate_const_125,125,OH-Ionization,2.8681442470665757,7.4815280015908225,3.150469088634065e-09,1.4184559136681608e-09
raw_rate_const,rate_const_126,126,OH- -MOM,1.9200670088733685,2.088307484644691,0.0014599239358673419,0.0006926598768472906
raw_rate_const,rate_const_127,127,OH- -DETACH,0.3418764740210453,-0.39200385732980747,2.944654283318945e-08,3.921429929885058e-08
raw_rate_const,rate_const_128,128,E + H2O-MOMENTUM TRANSFER,-0.1766147167904463,-0.363467782396357,2.6713434094450042e-08,1.101808866995074e-07
raw_rate_const,rate_const_129,129,E + H2O > H2OV(100) + E,0.0,0.0,1.027232195469772e-09,2.1264861400824223e-09
raw_rate_const,rate_const_130,130,E + H2O > H2OV(010) + E,0.0,0.0,8.53426674177568e-10,2.0329843218390805e-09
raw_rate_const,rate_const_131,131,E + H2O > H2OV(001) + E,0.0,0.0,1.028080972144282e-09,2.1240547553460577e-09
raw_rate_const,rate_const_132,132,E + H2O > H- + OH + E,0.0,0.0,5.046069058466899e-11,8.500929064039408e-11
raw_rate_const,rate_const_133,133,E + H2O > O- + H2 + E,0.0,0.0,9.066117714226295e-12,1.4366026027914612e-11
raw_rate_const,rate_const_134,134,E + H2O > OH- + H + E,0.0,0.0,2.0060207560811176e-12,3.359878577586207e-12
raw_rate_const,rate_const_135,135,E + H2O > OH + H + E,2.472879528958432,5.780056331902129,3.685226994313655e-09,2.3785284692118227e-09
raw_rate_const,rate_const_136,136,E + H2O > O + 2H + E,0.0,0.0,1.701649837049008e-11,6.901907849639245e-12
raw_rate_const,rate_const_137,137,E + H2O > H2O^ + 2E,0.0,0.0,2.0538024267849607e-09,9.050992420197537e-10
raw_rate_const,rate_const_138,138,E + H2O > OH^ + H + E,0.0,0.0,3.940999499854548e-10,1.3582097112807238e-10
raw_rate_const,rate_const_139,139,E + H2O > O^ + 2H + 2E,0.0,0.0,2.3966567740732685e-11,7.149898189614392e-12
raw_rate_const,rate_const_140,140,E + H2O > H2^ + O + E,0.0,0.0,5.69197905474278e-13,1.7427161417108232e-13
raw_rate_const,rate_const_141,141,E + H2O > H^ + OH + 2E,0.0,0.0,1.7649306029467584e-10,5.6052416707804926e-11
raw_rate_const,rate_const_142,142,E + H2O > H + OH(A) + E,0.0,0.0,3.299139172351962e-10,2.888762525712644e-10
raw_rate_const,rate_const_143,143,E + H2O > H(2) [121.6nm] +OH+E,0.0,0.0,4.51717523625529e-11,1.5353931563578606e-11
raw_rate_const,rate_const_144,144,E + H2O > H(3) [656.3nm] +OH+E,0.0,0.0,2.7884124928624444e-11,9.646632327073242e-12
raw_rate_const,rate_const_145,145,E + H2O > H(4) [486.1nm] +OH+E,0.0,0.0,4.737390318110766e-12,1.601346493724239e-12
raw_rate_const,rate_const_146,146,E + H2O >O(3p5P)[777.4nm]+H2+E,0.0,0.0,1.2679582856100478e-12,4.211407356743932e-13
raw_rate_const,rate_const_147,147,E + H2OV-MOMENTUM TRANSFER,-0.17661172856363003,-0.364229920448488,2.6716605162119916e-08,1.1018433497536946e-07
raw_rate_const,rate_const_148,148,E + H2OV(100) > H2O+E x 1e-10,0.0,0.0,2.372762898314846e-19,3.9881674876847287e-19
raw_rate_const,rate_const_149,149,E + H2OV(010) > H2O+E x 1e-10,0.0,0.0,1.4207089778035948e-19,3.206019704433498e-19
raw_rate_const,rate_const_150,150,E + H2OV(001) > H2O+E x 1e-10,0.0,0.0,2.6361602921823294e-19,4.1137651888341545e-19
raw_rate_const,rate_const_151,151,E + H2OV > H- + OH + E,0.0,0.0,5.061947967253259e-11,8.571453201970444e-11
raw_rate_const,rate_const_152,152,E + H2OV > O- + H2 + E,0.0,0.0,9.314243152102399e-12,1.5023687288456487e-11
raw_rate_const,rate_const_153,153,E + H2OV > OH- + H + E,0.0,0.0,2.0374874640039882e-12,3.455742815249589e-12
raw_rate_const,rate_const_154,154,E + H2OV > OH + H + E,2.4166589950848922,5.540582062712666,3.767617821297772e-09,2.5186968714285714e-09
raw_rate_const,rate_const_155,155,E + H2OV > O + 2H + E,0.0,0.0,1.7423947550201472e-11,7.204274138676519e-12
raw_rate_const,rate_const_156,156,E + H2OV > H2O^ + 2E,0.0,0.0,2.1043692038816575e-09,9.491108410970444e-10
raw_rate_const,rate_const_157,157,E + H2OV > OH^ + H + E,0.0,0.0,4.0333956285772965e-10,1.4029912945675815e-10
raw_rate_const,rate_const_158,158,E + H2OV > O^ + 2H + 2E,0.0,0.0,2.452562685401806e-11,7.34210490685183e-12
raw_rate_const,rate_const_159,159,E + H2OV > H2^ + O + E,0.0,0.0,5.817750660043884e-13,1.7877580307833394e-13
raw_rate_const,rate_const_160,160,E + H2OV > H^ + OH + 2E,0.0,0.0,1.806458224640419e-10,5.770581314488666e-11
raw_rate_const,rate_const_161,161,E + H2OV > H + OH(A) + E,0.0,0.0,3.3904106217597053e-10,3.0983856583908044e-10
raw_rate_const,rate_const_162,162,E + H2OV > H(2)[121.6nm] +OH+E,0.0,0.0,4.62438190560143e-11,1.587475103593417e-11
raw_rate_const,rate_const_163,163,E + H2OV > H(3)[656.3nm] +OH+E,0.0,0.0,2.8538834295161667e-11,9.969778980741187e-12
raw_rate_const,rate_const_164,164,E + H2OV > H(4)[486.1nm] +OH+E,0.0,0.0,4.847798731788234e-12,1.6530271863422562e-12
raw_rate_const,rate_const_165,165,E + H2OV>O(3p5P)[777.4nm]+H2+E,0.0,0.0,1.2971242010860678e-12,4.340299367408054e-13
raw_rate_const,rate_const_166,166,E + H2OV > H2O+E (average),0.0,0.0,1.502454144903462e-09,3.4463399014778325e-09
raw_rate_const,rate_const_167,167,H2O+ -MOMTIC,1.9200669229893443,2.0883071391720485,0.0014599241007203182,0.0006926595254515599
raw_rate_const,rate_const_168,168,H2O+ -RECOMBINATION,1.6878185029306283,1.0370374997470773,2.9595949855160034e-07,2.4082477832512314e-07
raw_rate_const,rate_const_169,169,H2O2-MOM,-0.7686804265196154,-0.4282298619137199,2.91693189125239e-07,6.132614778325123e-07
raw_rate_const,rate_const_170,170,H2O2 > H2O + O-,0.0,0.0,4.776748145839996e-11,4.5378252873563216e-11
raw_rate_const,rate_const_171,171,H2O2 > OH + OH-,0.0,0.0,1.910649599770163e-10,1.8150809523809525e-10
raw_rate_const,rate_const_172,172,O2-MOMENTUM,-0.49784033136566974,-0.5542778115658051,4.700334224755161e-08,8.593049753694581e-08
raw_rate_const,rate_const_173,173,O2-ATTACHMENT TWO BODY,0.0,0.0,2.172316234107953e-11,3.7540617536690964e-11
raw_rate_const,rate_const_174,174,O2-ROTATIONAL,0.0,0.0,3.6154616822953216e-12,3.0171323481116584e-12
raw_rate_const,rate_const_175,175,O2-VIB 1,0.0,0.0,4.832871094124969e-11,2.927107765024631e-11
raw_rate_const,rate_const_176,176,O2-VIB 2,0.0,0.0,8.93574409407314e-12,6.836143379325706e-12
raw_rate_const,rate_const_177,177,O2-VIB 3,0.0,0.0,1.8940535281018626e-10,3.057226532146262e-10
raw_rate_const,rate_const_178,178,O2-VIB 4,0.0,0.0,1.0896078398816876e-10,1.741009412725916e-10
raw_rate_const,rate_const_179,179,O2-SINGLET DELTA,0.0,0.0,3.864918781351259e-10,7.042142562282435e-10
raw_rate_const,rate_const_180,180,O2-B-SINGLET SIGMA,0.0,0.0,9.06083254603497e-11,1.6454106031722004e-10
raw_rate_const,rate_const_181,181,O2-VIB 1(res),0.0,0.0,7.351518436254492e-10,1.2134699006042692e-09
raw_rate_const,rate_const_182,182,O2-VIB 2(res),0.0,0.0,3.304664924581024e-10,5.453697914269294e-10
raw_rate_const,rate_const_183,183,O2-ELECTRONIC 4.5EV,0.0,0.0,2.7652058454005125e-10,4.616717996722989e-10
raw_rate_const,rate_const_184,184,O2-ELECTRONIC 6EV,0.0,0.0,7.321436481637277e-10,1.1423379408866997e-09
raw_rate_const,rate_const_185,185,O2-ELECTRONIC 8.4EV,1.0120535854808201,0.5311552348254631,5.105797647406433e-09,5.281419723152709e-09
raw_rate_const,rate_const_186,186,O2-ELECTRONIC 10EV,0.0,0.0,7.840307939309832e-11,3.8362021865518884e-11
raw_rate_const,rate_const_187,187,O2-IONIZATION,3.0886746701781993,8.830556192230361,2.6262276357843453e-09,1.1006790429668396e-09
raw_rate_const,rate_const_188,188,02-130NM LINE EXCITE,0.0,0.0,5.171635916739185e-11,2.074618705535684e-11
raw_rate_const,rate_const_189,189,O + O^ + E + E,0.0,0.0,4.833582589822124e-10,1.5310852362597961e-10
raw_rate_const,rate_const_190,190,O2+ -ELASTIC,1.9200669229893443,2.0883071391720485,0.0014599241007203182,0.0006926595254515599
raw_rate_const,rate_const_191,191,O2+ -RECOMBINATION,1.687818120625852,1.037044165693044,1.9759855446149392e-08,1.6078733990147785e-08
raw_rate_const,rate_const_192,192,O2- -MOMENTUM TRANSFER,1.9200671755006518,2.0883081571109887,0.0014599236140567747,0.0006926605632183909
raw_rate_const,rate_const_193,193,E + O2- > O2 + E + E,0.8977800171051393,0.5314285032963961,3.636510893827292e-08,4.186742731609196e-08
raw_rate_const,rate_const_194,194,O-MOMENTUM,-1.0349191594503253,-0.4391812760516589,4.079900892657998e-08,8.317805418719211e-08
raw_rate_const,rate_const_195,195,O-1D,0.0,0.0,1.2906360469821692e-09,2.358651662587969e-09
raw_rate_const,rate_const_196,196,O-1S,0.0,0.0,1.6290033933806605e-10,2.548595117241379e-10
raw_rate_const,rate_const_197,197,O-3s 5S0,0.0,0.0,8.771616996978278e-11,8.082530297454843e-11
raw_rate_const,rate_const_198,198,O-3s 3S0,0.0,0.0,4.0280978912077067e-10,3.5892538512627257e-10
raw_rate_const,rate_const_199,199,O-3p 5P,0.0,0.0,6.12319064067808e-11,5.44157760064959e-11
raw_rate_const,rate_const_200,200,O-3p 3P,0.0,0.0,2.033797814555405e-10,1.5577398464209804e-10
raw_rate_const,rate_const_201,201,O-ION,0.0,0.0,1.8315808787447683e-09,7.917065815889491e-10
raw_rate_const,rate_const_202,202,O+ -ELASTIC,1.9200669229893443,2.0883071391720485,0.0014599241007203182,0.0006926595254515599
raw_rate_const,rate_const_203,203,O- ELASTIC,1.9200669229893443,2.0883071391720485,0.0014599241007203182,0.0006926595254515599
raw_rate_const,rate_const_204,204,O- Detachment,0.37638174400829605,-0.7605722585170636,2.5708794114175977e-08,3.166515933809524e-08
log10_rate_const_plus_eps,rate_const_001,1,AR3S-ELASTIC,-1.3604266900660522,0.049033182576226686,0.7530545992119863,-7.249983088003879
log10_rate_const_plus_eps,rate_const_002,2,AR3S > AR4SM,-1.4193454298455013,0.05995966995507063,14.652442885691599,-18.015697638307362
log10_rate_const_plus_eps,rate_const_003,3,AR3S > AR4SR,-1.4209895413874893,0.06224180196043916,14.70993731842942,-17.89688806492258
log10_rate_const_plus_eps,rate_const_004,4,AR3S > AR4SPM,-1.416711394595183,0.056051231893793574,14.346588842625554,-18.62274255445477
log10_rate_const_plus_eps,rate_const_005,5,AR3S > AR4SPR,-1.4146766992538475,0.053644541071669494,14.71320123460008,-17.916300741515652
log10_rate_const_plus_eps,rate_const_006,6,AR3S > AR4P,-1.406032343162905,0.040432436128529314,14.840662303447552,-17.70591982246809
log10_rate_const_plus_eps,rate_const_007,7,AR3S > AR3D,-1.391331785562971,0.01812345989386044,14.641721706226097,-18.157517835015426
log10_rate_const_plus_eps,rate_const_008,8,AR3S > AR5S,-1.3841116804900393,0.0069631208568194936,14.325743265258337,-18.80252688734616
log10_rate_const_plus_eps,rate_const_009,9,AR3S > AR5P,-1.3827196275698044,0.004927771483005383,14.506452953114698,-18.458333158354264
log10_rate_const_plus_eps,rate_const_010,10,AR3S > AR4D,-1.3587160401027476,-0.03143791558630227,14.105615252658534,-19.340427869407417
log10_rate_const_plus_eps,rate_const_011,11,AR3S > AR6S,-1.3519969082879026,-0.04252045433165863,13.958366842226603,-19.656083512046784
log10_rate_const_plus_eps,rate_const_012,12,AR3S > AR-RYD,-1.1527535554837864,-0.5921336952489038,14.839190244828998,-20.501244332238283
log10_rate_const_plus_eps,rate_const_013,13,AR3S > AR^,-1.145335315164147,-0.5994352173172741,15.476473317986661,-19.41297860754212
log10_rate_const_plus_eps,rate_const_014,14,AR3S > AR^^,0.26047063733694015,-1.8754976433729107,16.242246872774928,-32.06580394671671
log10_rate_const_plus_eps,rate_const_015,15,AR4SM-ELASTIC,-1.4090358732816117,0.36904490943538093,0.3536877065433311,-6.307437839391633
log10_rate_const_plus_eps,rate_const_016,16,AR4SM > AR3S,-1.5111961867100172,0.47686799882137887,0.41918411470693634,-9.427081202737469
log10_rate_const_plus_eps,rate_const_017,17,AR4SM > AR4SR,-1.9490421672595486,2.013124558321036,0.23168507793915705,-6.82434486007657
log10_rate_const_plus_eps,rate_const_018,18,AR4SM > AR4SPM,-2.100627654590379,2.8025665310528876,0.6987128873347715,-8.510877002236219
log10_rate_const_plus_eps,rate_const_019,19,AR4SM > AR4SPR,-2.458863682340232,6.496556912143003,1.0671537372409676,-8.196202791742758
log10_rate_const_plus_eps,rate_const_020,20,"AR4SM>AR4P,3D,5S,5P",-4.522997426591296,19.99678631796114,7.416466827934814,-8.98956211575615
log10_rate_const_plus_eps,rate_const_021,21,"AR4SM > AR4D,6S,RYD",-1.7300051767259823,1.0099551066121721,14.727044936923784,-14.346445882381841
log10_rate_const_plus_eps,rate_const_022,22,AR4SM > AR^,-1.7149149774204515,0.9784945164059069,14.735554783686858,-14.39674225212049
log10_rate_const_plus_eps,rate_const_023,23,AR4SR-ELASTIC,-0.594658638933122,-0.7361971497537532,0.13708816121217074,-6.187976258582474
log10_rate_const_plus_eps,rate_const_024,24,AR4SR > AR3S,-1.5759632257535734,0.6802787890632125,0.30501369438902454,-9.077813919490792
log10_rate_const_plus_eps,rate_const_025,25,AR4SR > AR4SM,1.367464249549939,0.20399804293671897,0.027067056826637615,-6.479373752974521
log10_rate_const_plus_eps,rate_const_026,26,AR4SR > AR4SPM,-1.9342600528331029,1.9538049250284377,0.2633514852324121,-8.096190338568576
log10_rate_const_plus_eps,rate_const_027,27,AR4SR > AR4SPR,-2.083212726317463,2.7212402662595068,0.7426876582172199,-7.834682962833531
log10_rate_const_plus_eps,rate_const_028,28,"AR4SR>AR4P,3D,5S,5P",-4.556531351226068,20.24608385848992,7.40868991345972,-8.922517529226866
log10_rate_const_plus_eps,rate_const_029,29,"AR4SR > AR4D,6S,RYD",-1.7304959312616066,1.010934135483894,14.7336352818219,-14.329854670948437
log10_rate_const_plus_eps,rate_const_030,30,AR4SR > AR^,-1.7161288753136412,0.9811286854823065,14.745473438653212,-14.369363605815192
log10_rate_const_plus_eps,rate_const_031,31,AR4SPM-ELASTIC,-1.318553716349971,0.2706753330870719,0.27646455350492327,-6.26645182097775
log10_rate_const_plus_eps,rate_const_032,32,AR4SPM > AR3S,-1.5220161581566687,0.5062953871949043,0.40782544004233073,-9.444591705101042
log10_rate_const_plus_eps,rate_const_033,33,AR4SPM > AR4SM,1.367464249549939,0.20399804293671897,0.027067056826637615,-7.479373752974521
log10_rate_const_plus_eps,rate_const_034,34,AR4SPM > AR4SR,1.367464249549939,0.20399804293671897,0.027067056826637615,-7.479373752974521
log10_rate_const_plus_eps,rate_const_035,35,AR4SPM > AR4SPR,1.6338522453169488,2.8468191768220983,0.12175674753414772,-7.1741696158783395
log10_rate_const_plus_eps,rate_const_036,36,"AR4SPM>AR4P,3D,5S,5P",-4.598485913008593,20.55813025281525,7.400439564295572,-8.833063412674601
log10_rate_const_plus_eps,rate_const_037,37,"AR4SPM > AR4D,6S,RYD",-1.7311040541634177,1.0121416268098606,14.742471275644078,-14.307835879769614
log10_rate_const_plus_eps,rate_const_038,38,AR4SPM > AR^,-1.7175760555174526,0.9842457612524909,14.758519891893622,-14.33408473712916
log10_rate_const_plus_eps,rate_const_039,39,AR4SPR-ELASTIC,-1.0654008687087333,-0.3539597085848971,0.22400072581749975,-6.242324658068029
log10_rate_const_plus_eps,rate_const_040,40,AR4SPR > AR3S,-1.4213745589451685,0.3210270511832558,0.4806154382530989,-8.979955105416552
log10_rate_const_plus_eps,rate_const_041,41,AR4SPR > AR4SM,1.367464249549939,0.20399804293671897,0.027067056826637615,-7.479373752974521
log10_rate_const_plus_eps,rate_const_042,42,AR4SPR > AR4SR,1.367464249549939,0.20399804293671897,0.027067056826637615,-7.479373752974521
log10_rate_const_plus_eps,rate_const_043,43,AR4SPR > AR4SPM,1.323544878471562,0.08295661980224356,0.32620091236012877,-7.508229896035758
log10_rate_const_plus_eps,rate_const_044,44,"AR4SPR>AR4P,3D,5S,5P",-4.640240461790625,20.867955710684175,7.394443197748886,-8.735321341647152
log10_rate_const_plus_eps,rate_const_045,45,"AR4SPR > AR4D,6S,RYD",-1.7317076750882847,1.0133336772203734,14.752167472861004,-14.283960376012574
log10_rate_const_plus_eps,rate_const_046,46,AR4SPR > AR^,-1.7189846757914828,0.9872562818264989,14.772515367995753,-14.296941589019339
log10_rate_const_plus_eps,rate_const_047,47,AR4P-ELASTIC,-1.4243077428677693,0.37510344557541675,0.377552720131772,-6.319987008912926
log10_rate_const_plus_eps,rate_const_048,48,AR4P > AR3S,-1.580010982315185,0.6697557273981842,0.32507389561510347,-9.199248911121737
log10_rate_const_plus_eps,rate_const_049,49,AR4P > AR4SM,-1.5949508791205957,0.7123301808591975,0.45123222922409184,-7.461138644595457
log10_rate_const_plus_eps,rate_const_050,50,AR4P > AR4SR,-1.6004708870859514,0.7294404303880748,0.44285980226120836,-7.646032611955133
log10_rate_const_plus_eps,rate_const_051,51,AR4P > AR4SPM,-1.6083787613547655,0.7539665414769479,0.43123887805628963,-8.07131901957196
log10_rate_const_plus_eps,rate_const_052,52,AR4P > AR4SPR,-1.617845348237877,0.7833852202926659,0.4178397803339604,-7.53398771549506
log10_rate_const_plus_eps,rate_const_053,53,"AR4P > AR4D,6S,RYD",-4.352982874099083,18.69278572027704,7.490856162743249,-9.213127710800192
log10_rate_const_plus_eps,rate_const_054,54,AR4P > AR^,-1.729609661498634,1.009206852016618,14.927363295561795,-13.909799604832434
log10_rate_const_plus_eps,rate_const_055,55,AR4D-ELASTIC,-1.4806488765948302,0.40926889399252886,0.4131364218668236,-6.241940403326902
log10_rate_const_plus_eps,rate_const_056,56,AR4D > AR3S,-1.4023069297473327,0.28962102505168597,0.4779905633475509,-10.4633401681872
log10_rate_const_plus_eps,rate_const_057,57,AR4D > AR4SM,-1.6338055984367814,0.8255533977142413,0.41324035638577955,-7.969263600224653
log10_rate_const_plus_eps,rate_const_058,58,AR4D > AR4SR,-1.634093468020894,0.8267047349971088,0.4155920251987178,-8.185527357082545
log10_rate_const_plus_eps,rate_const_059,59,AR4D > AR4SPM,-1.6345526210190755,0.8284044101237229,0.4188874998315785,-8.654791952352936
log10_rate_const_plus_eps,rate_const_060,60,AR4D > AR4SPR,-1.635133561868872,0.8305062319169156,0.42269717954430575,-8.168542847066687
log10_rate_const_plus_eps,rate_const_061,61,"AR4D > AR4P,3D,5S,5P",-1.644578412483392,0.8687167973528096,0.5164010589168878,-7.763526657671623
log10_rate_const_plus_eps,rate_const_062,62,AR4D > AR^,-4.5883226238701305,20.469806054508133,7.5107990234616135,-8.310360768306953
log10_rate_const_plus_eps,rate_const_063,63,AR+ -ELASTIC,1.366317180362376,0.1466579297923909,0.9287941067311669,-4.314507549316084
log10_rate_const_plus_eps,rate_const_064,64,AR+ -RECOMBINATION,1.4086115509188748,0.2772575439572087,0.37651835172234804,-12.50346864942456
log10_rate_const_plus_eps,rate_const_065,65,AR+ IONIZATION,-0.6538596555446634,-1.3908595482937254,15.623310838648406,-23.969663374576907
log10_rate_const_plus_eps,rate_const_066,66,AR2+ -MOMTIC,1.366317180362376,0.1466579297923909,0.9287941067311669,-4.314507549316084
log10_rate_const_plus_eps,rate_const_067,67,AR2+ -RECOMBINATION,1.4086491233535776,0.277322955459292,0.3765146407073572,-6.833767232860688
log10_rate_const_plus_eps,rate_const_068,68,H -ELASTIC,-1.3024617724740823,0.570834904964562,0.11579504192128844,-6.962155121614808
log10_rate_const_plus_eps,rate_const_069,69,H > H*,-1.4289063630558712,0.07348983233009188,15.146558747457204,-17.01189336993074
log10_rate_const_plus_eps,rate_const_070,70,H > H**,-1.4158191900227892,0.05501453008885182,14.675456076188944,-17.985421250120368
log10_rate_const_plus_eps,rate_const_071,71,H > H***,-1.4047368170997128,0.03871744422102985,14.411902614728994,-18.54506957179225
log10_rate_const_plus_eps,rate_const_072,72,H > H+,-1.3892736358524362,0.016392247273532057,14.671090829516196,-18.107065288302465
log10_rate_const_plus_eps,rate_const_073,73,H* -ELASTIC,-1.299345376852234,0.23032406143186712,0.2327661670646064,-6.722136357871803
log10_rate_const_plus_eps,rate_const_074,74,H*  > H,-1.4607255624960247,0.41003346869077095,0.41231339132205863,-7.869565079532492
log10_rate_const_plus_eps,rate_const_075,75,H*  > H**,-4.356960459913126,18.70569441813105,7.423172630409166,-9.551675825772412
log10_rate_const_plus_eps,rate_const_076,76,H*  > H***,-1.732995918222234,1.0158686549037528,14.704220381593439,-14.383280296529689
log10_rate_const_plus_eps,rate_const_077,77,H*  > H^,-1.7265392942662432,1.0030110348541097,14.870747829365019,-14.047499573219243
log10_rate_const_plus_eps,rate_const_078,78,H+ -ELASTIC,1.366317180362376,0.1466579297923909,0.9287941067311669,-4.314507549316084
log10_rate_const_plus_eps,rate_const_079,79,H+ -RECOMBINATION,1.4085956363941246,0.27725462870570494,0.3765182684116992,-12.38597548928329
log10_rate_const_plus_eps,rate_const_080,80,H- -ELASTIC,1.3689458936837777,0.1495640893075807,0.9279227009274186,-4.313421480831254
log10_rate_const_plus_eps,rate_const_081,81,H- -DETACHMENT,-4.210504726009196,17.76525103553622,7.60250992899651,-9.055871359901952
log10_rate_const_plus_eps,rate_const_082,82,H2-ELASTIC,-1.6836908513355535,1.027416326858516,0.32457323981075636,-7.181491478454452
log10_rate_const_plus_eps,rate_const_083,83,H2-ROTATIONAL (0-2),-1.657530357810578,0.9032972037885876,0.8537825072689927,-8.156337855143315
log10_rate_const_plus_eps,rate_const_084,84,H2-ROTATIONAL (1-3),-1.6765212100430575,0.9764529699324553,0.9242808063819159,-8.428702262253475
log10_rate_const_plus_eps,rate_const_085,85,H2 > H2(V=1),-2.408022706612508,6.837010078837261,1.808276276217727,-9.367093933718124
log10_rate_const_plus_eps,rate_const_086,86,H2 > H2(V=2),-3.1846944135855138,8.563195129649944,9.38924849962958,-12.885565922967164
log10_rate_const_plus_eps,rate_const_087,87,H2 > H2(b 3 SIGMA),-1.4340261599511754,0.08062885306241574,15.059332785940766,-17.160662909592144
log10_rate_const_plus_eps,rate_const_088,88,H2 > H2(c 3 PI),-1.4265103913242216,0.06975680614559154,14.947418525781655,-17.411093793011396
log10_rate_const_plus_eps,rate_const_089,89,H2 > H + H,-1.4353980528765915,0.0826326566553508,15.307352814578941,-16.67026958583738
log10_rate_const_plus_eps,rate_const_090,90,H2 > H2+,-1.1532194505556272,-0.5915266988845191,15.382381071553757,-19.544736165870344
log10_rate_const_plus_eps,rate_const_091,91,H2 > H*(ALPHA),-1.1417371072299198,-0.605246122971963,14.62770853318953,-20.920609403147047
log10_rate_const_plus_eps,rate_const_092,92,H2 > H + H,-1.4233832467124423,0.06581137811792459,14.945961316305938,-17.426426624877173
log10_rate_const_plus_eps,rate_const_093,93,H2* -ELASTIC,-1.6933481132707864,1.0429727260978074,0.32557595032363645,-7.178423694139291
log10_rate_const_plus_eps,rate_const_094,94,H2*  > H2,-1.509901184941976,0.454186171724412,0.38164413722687573,-8.348947713017592
log10_rate_const_plus_eps,rate_const_095,95,H2*  > H2^,-1.4431876062243818,0.0944804819936449,15.575382183203432,-16.11164974717653
log10_rate_const_plus_eps,rate_const_096,96,H2+ -ELASTIC,1.3663201168101387,0.1466608412096715,0.9287932772177564,-4.314506599700024
log10_rate_const_plus_eps,rate_const_097,97,H2+ > H+ + H,-1.6055248650188312,0.750648140693511,0.286603546554595,-7.07079628544095
log10_rate_const_plus_eps,rate_const_098,98,H2+ > H + H,1.3789956421662553,0.194369066137849,0.339834523982536,-7.513383468704318
log10_rate_const_plus_eps,rate_const_099,99,H2+ > H+ + H-,1.2718780556387832,-0.03741407837163058,0.29478658457692525,-9.808260764945143
log10_rate_const_plus_eps,rate_const_100,100,H3+ -ELASTIC,1.366416879612314,0.14675997358794257,0.9287647067125396,-4.314473068937076
log10_rate_const_plus_eps,rate_const_101,101,H3+ > H+ + H,-1.3677448879370373,-0.02010624475329914,15.027164210523024,-17.52380452663576
log10_rate_const_plus_eps,rate_const_102,102,H3+ > H + H2,1.360381644871391,0.19681254189660047,0.3117133886329656,-7.366691633328696
log10_rate_const_plus_eps,rate_const_103,103,H3+ > H2 + H,1.285991350235323,-0.016733095875665516,0.6980840469272795,-9.863352500773233
log10_rate_const_plus_eps,rate_const_104,104,H3+ > H + H + H,1.2860034042471278,-0.016727948409057003,0.6980791104617348,-9.465407420775582
log10_rate_const_plus_eps,rate_const_105,105,H3+ > H^ + H + H,-1.1349144965117903,-0.6130905215457898,14.976238526317582,-20.34058488113529
log10_rate_const_plus_eps,rate_const_106,106,OH-MOM TRANS,-1.7114910366733522,1.083958222391714,0.4888326140866514,-6.929646527518212
log10_rate_const_plus_eps,rate_const_107,107,OH-V1,-4.805141994814639,22.034558836945738,7.036193167943404,-10.130216850176893
log10_rate_const_plus_eps,rate_const_108,108,OH-A1PI,-1.4337314400428276,0.08042712051273382,15.226244336665411,-16.83561637872084
log10_rate_const_plus_eps,rate_const_109,109,OH-DISSOC,-1.4089820688980834,0.044897323673316336,14.842688303900957,-17.68914496115431
log10_rate_const_plus_eps,rate_const_110,110,OH-C1SIGMA,-1.4187840791605881,0.059458262799289674,14.577405319571007,-18.1638847061458
log10_rate_const_plus_eps,rate_const_111,111,OH-E1PI,-1.378491631837104,9.521196317008318e-05,14.047965222153545,-19.362260958948692
log10_rate_const_plus_eps,rate_const_112,112,OH-B1SIGMA,-1.422187555418973,0.06414119526532724,14.458974957932925,-18.381017749146658
log10_rate_const_plus_eps,rate_const_113,113,OH-I1SIGMA,-1.4288437870080306,0.07312896213813014,14.604869399008972,-18.069748360209093
log10_rate_const_plus_eps,rate_const_114,114,OH-D1DELTA,-1.424585691931369,0.06694967983694244,14.415555873104323,-18.456697747048125
log10_rate_const_plus_eps,rate_const_115,115,OH-A3PI,-1.4480242473001872,0.10126045166434938,15.568186527962048,-16.10488442286251
log10_rate_const_plus_eps,rate_const_116,116,OH-A3SIGMA,-1.4347737086656127,0.08175097115605867,15.103238441770227,-17.071654521400394
log10_rate_const_plus_eps,rate_const_117,117,OH-D3DELTA,-1.4328927690310105,0.07905581780600857,14.711042141239306,-17.845567053367297
log10_rate_const_plus_eps,rate_const_118,118,OH-E3SIGMA,-1.4329426609497633,0.07872548021713399,14.615756410809853,-18.031982162513067
log10_rate_const_plus_eps,rate_const_119,119,OH-B3SIGMA,-1.4329529760640047,0.07851872578149832,14.65016691694574,-17.96504282926551
log10_rate_const_plus_eps,rate_const_120,120,OH^-X2SIGMA--Not Used,0.0,0.0,0.0,-46.57430278663741
log10_rate_const_plus_eps,rate_const_121,121,OH^-A2PI--Not Used,0.0,0.0,0.0,-46.57430278663741
log10_rate_const_plus_eps,rate_const_122,122,OH^-B2SIGMA--Not Used,0.0,0.0,0.0,-46.57430278663741
log10_rate_const_plus_eps,rate_const_123,123,"OH-DISSOC, C^+O--Not Used",0.0,0.0,0.0,-46.57430278663741
log10_rate_const_plus_eps,rate_const_124,124,"OH-DISSOC,C+O^--Not used",0.0,0.0,0.0,-46.57430278663741
log10_rate_const_plus_eps,rate_const_125,125,OH-Ionization,-1.3930752652469809,0.022031211289755603,14.83147122599916,-17.77915375246078
log10_rate_const_plus_eps,rate_const_126,126,OH- -MOM,1.3663765546071758,0.14671795161430623,0.9287769647154954,-4.314487690108471
log10_rate_const_plus_eps,rate_const_127,127,OH- -DETACH,-1.7275636767652938,1.0052134580039667,14.76001465509054,-14.284955875711233
log10_rate_const_plus_eps,rate_const_128,128,E + H2O-MOMENTUM TRANSFER,-0.899753194466674,0.818097382220559,0.11642953782426844,-6.972327232685856
log10_rate_const_plus_eps,rate_const_129,129,E + H2O > H2OV(100) + E,-2.6886426618041788,9.026798655372925,1.3324047042148575,-9.152366858150225
log10_rate_const_plus_eps,rate_const_130,130,E + H2O > H2OV(010) + E,-2.2291167080644287,3.439661672911816,0.6485298319827374,-8.887570529367256
log10_rate_const_plus_eps,rate_const_131,131,E + H2O > H2OV(001) + E,-2.7072691425072315,9.250531395338035,1.3600829439816777,-9.16421939531816
log10_rate_const_plus_eps,rate_const_132,132,E + H2O > H- + OH + E,-1.4497166007417217,0.10358558340674273,14.81140021368668,-17.57917406101447
log10_rate_const_plus_eps,rate_const_133,133,E + H2O > O- + H2 + E,-1.7120063796050005,0.9718477938203964,13.459840793204767,-17.1954306297968
log10_rate_const_plus_eps,rate_const_134,134,E + H2O > OH- + H + E,-1.7114894757294972,0.9703031851401178,13.229746720281158,-17.700383772580373
log10_rate_const_plus_eps,rate_const_135,135,E + H2O > OH + H + E,-1.4378633989325067,0.08686109322498048,15.249749430647455,-16.771287586600955
log10_rate_const_plus_eps,rate_const_136,136,E + H2O > O + 2H + E,-1.3824730869482282,0.006453433147846077,13.859390707213905,-19.70969993054223
log10_rate_const_plus_eps,rate_const_137,137,E + H2O > H2O^ + 2E,-1.3931056514323559,0.021920703785032192,14.754385931365885,-17.928967934411755
log10_rate_const_plus_eps,rate_const_138,138,E + H2O > OH^ + H + E,-1.1147922504552579,-0.6304397297110094,14.82052617521754,-20.692043889266277
log10_rate_const_plus_eps,rate_const_139,139,E + H2O > O^ + 2H + 2E,-0.6875157917104686,-1.3729988750282356,14.97602325933381,-24.757955748204463
log10_rate_const_plus_eps,rate_const_140,140,E + H2O > H2^ + O + E,-0.46638878325039146,-1.593189033435822,14.516571497424984,-27.247285635807028
log10_rate_const_plus_eps,rate_const_141,141,E + H2O > H^ + OH + 2E,-1.072207047657463,-0.6796361851524573,14.473481000372397,-21.499571244332717
log10_rate_const_plus_eps,rate_const_142,142,E + H2O > H + OH(A) + E,-1.4329776013647828,0.07901405732710343,14.896249966550984,-17.48374869432891
log10_rate_const_plus_eps,rate_const_143,143,E + H2O > H(2) [121.6nm] +OH+E,-1.1414382482995717,-0.602747437244501,14.575744905957361,-21.008349469675238
log10_rate_const_plus_eps,rate_const_144,144,E + H2O > H(3) [656.3nm] +OH+E,-1.1039647902809193,-0.6445318303608523,14.342999864055704,-21.57848659797063
log10_rate_const_plus_eps,rate_const_145,145,E + H2O > H(4) [486.1nm] +OH+E,-1.0933774434085188,-0.6575451622317217,13.987253164633026,-22.249414152887802
log10_rate_const_plus_eps,rate_const_146,146,E + H2O >O(3p5P)[777.4nm]+H2+E,-1.0898842021730755,-0.6567650583601647,13.695949992433516,-22.757173928785587
log10_rate_const_plus_eps,rate_const_147,147,E + H2OV-MOMENTUM TRANSFER,-0.8995952479727856,0.8174205155307521,0.11643925945405342,-6.97231611901426
log10_rate_const_plus_eps,rate_const_148,148,E + H2OV(100) > H2O+E x 1e-10,1.4447536517779844,0.5470758054459823,0.1961889615665611,-18.452922689417644
log10_rate_const_plus_eps,rate_const_149,149,E + H2OV(010) > H2O+E x 1e-10,1.4550134823860374,0.36181781714190375,0.15381515420193767,-18.52585363393841
log10_rate_const_plus_eps,rate_const_150,150,E + H2OV(001) > H2O+E x 1e-10,1.474711015847952,0.5980396047506926,0.20775038243835875,-18.44678812672022
log10_rate_const_plus_eps,rate_const_151,151,E + H2OV > H- + OH + E,-1.4500436099658738,0.1040274175201672,14.816406291354049,-17.568057967217424
log10_rate_const_plus_eps,rate_const_152,152,E + H2OV > O- + H2 + E,-1.7176144185480469,0.9841313082706291,13.472134161843481,-17.144291013105423
log10_rate_const_plus_eps,rate_const_153,153,E + H2OV > OH- + H + E,-1.7171108129763226,0.9827110643196493,13.238613683819064,-17.656948782926655
log10_rate_const_plus_eps,rate_const_154,154,E + H2OV > OH + H + E,-1.439597901218941,0.08944135105779027,15.272903490931665,-16.718471735050777
log10_rate_const_plus_eps,rate_const_155,155,E + H2OV > O + 2H + E,-1.3893563678629723,0.016717191690046374,13.89985407534069,-19.60261688082859
log10_rate_const_plus_eps,rate_const_156,156,E + H2OV > H2O^ + 2E,-1.3990201721914721,0.030724126635491178,14.795868262825795,-17.822453133513577
log10_rate_const_plus_eps,rate_const_157,157,E + H2OV > OH^ + H + E,-1.1200149720442532,-0.6248043977576478,14.855730366788574,-20.60752682201149
log10_rate_const_plus_eps,rate_const_158,158,E + H2OV > O^ + 2H + 2E,-0.8303046287852563,-1.1117482671996954,14.454273723402556,-23.867985695805096
log10_rate_const_plus_eps,rate_const_159,159,E + H2OV > H2^ + O + E,-0.5711861494510266,-1.4297914195581638,14.097031895125594,-26.536850115860044
log10_rate_const_plus_eps,rate_const_160,160,E + H2OV > H^ + OH + 2E,-1.081814616884928,-0.6682019723099826,14.505041179620223,-21.397728398285288
log10_rate_const_plus_eps,rate_const_161,161,E + H2OV > H + OH(A) + E,-1.4345888945496919,0.08142804100721701,14.920623674693164,-17.429234648892262
log10_rate_const_plus_eps,rate_const_162,162,E + H2OV > H(2)[121.6nm] +OH+E,-1.1470395935599915,-0.5971542257361011,14.617465027744982,-20.912715003684447
log10_rate_const_plus_eps,rate_const_163,163,E + H2OV > H(3)[656.3nm] +OH+E,-1.1094482090558793,-0.6382819912616244,14.376125475879133,-21.495682268335656
log10_rate_const_plus_eps,rate_const_164,164,E + H2OV > H(4)[486.1nm] +OH+E,-1.0990976663804572,-0.6508696606022815,14.018627394273496,-22.16774103064351
log10_rate_const_plus_eps,rate_const_165,165,E + H2OV>O(3p5P)[777.4nm]+H2+E,-1.0959555798193195,-0.650111521370996,13.728349178092632,-22.67478552700776
log10_rate_const_plus_eps,rate_const_166,166,E + H2OV > H2O+E (average),1.412209028765096,0.49435696160262355,0.1518297614165758,-8.493502845361295
log10_rate_const_plus_eps,rate_const_167,167,H2O+ -MOMTIC,1.366317180362376,0.1466579297923909,0.9287941067311669,-4.314507549316084
log10_rate_const_plus_eps,rate_const_168,168,H2O+ -RECOMBINATION,1.4086491233535776,0.277322955459292,0.3765146407073572,-6.833767232860688
log10_rate_const_plus_eps,rate_const_169,169,H2O2-MOM,-1.4243077428677693,0.37510344557541675,0.377552720131772,-6.319987008912926
log10_rate_const_plus_eps,rate_const_170,170,H2O2 > H2O + O-,0.7684321150363839,-0.34885876878980593,0.3519041496949386,-10.507808665958809
log10_rate_const_plus_eps,rate_const_171,171,H2O2 > OH + OH-,0.768334549651637,-0.34886799219877673,0.3519087815715609,-9.905761891405787
log10_rate_const_plus_eps,rate_const_172,172,O2-MOMENTUM,-1.5187997822316197,0.6594953525101346,0.5514833012449696,-7.254309423844599
log10_rate_const_plus_eps,rate_const_173,173,O2-ATTACHMENT TWO BODY,-1.7061836936535044,0.9577410488877316,13.628341416470327,-16.85511006527487
log10_rate_const_plus_eps,rate_const_174,174,O2-ROTATIONAL,1.5578309307173057,2.7975849843302765,0.28375987728043367,-11.6520260792814
log10_rate_const_plus_eps,rate_const_175,175,O2-VIB 1,-1.6923303279919117,4.486485444525973,0.6938746586200245,-10.884081481673713
log10_rate_const_plus_eps,rate_const_176,176,O2-VIB 2,-3.524267165229526,20.396872696689073,1.11529758202825,-11.624064950609108
log10_rate_const_plus_eps,rate_const_177,177,O2-VIB 3,-2.124769720907681,4.640816714278874,2.0532732632670374,-10.422424450698095
log10_rate_const_plus_eps,rate_const_178,178,O2-VIB 4,-1.8053583924773642,2.4536093133728247,2.5412233799622173,-10.96660270636466
log10_rate_const_plus_eps,rate_const_179,179,O2-SINGLET DELTA,-4.512676069776822,19.971665286161823,6.982769072276674,-11.186728006422264
log10_rate_const_plus_eps,rate_const_180,180,O2-B-SINGLET SIGMA,-4.329383497029552,18.542908010838822,6.961833572803439,-11.907839259087583
log10_rate_const_plus_eps,rate_const_181,181,O2-VIB 1(res),-1.7209029086052583,0.9911423484530619,14.193649012767072,-15.553429502959444
log10_rate_const_plus_eps,rate_const_182,182,O2-VIB 2(res),-1.7217264431460717,0.9928781636906994,14.06428151246252,-15.832551941516883
log10_rate_const_plus_eps,rate_const_183,183,O2-ELECTRONIC 4.5EV,-1.7136116413078124,0.975048138641637,14.03377906495011,-15.935850120139769
log10_rate_const_plus_eps,rate_const_184,184,O2-ELECTRONIC 6EV,-1.447617840576666,0.10068074967691443,15.247351258246226,-16.734535225778068
log10_rate_const_plus_eps,rate_const_185,185,O2-ELECTRONIC 8.4EV,-1.4392161901900202,0.08832063212580943,15.451254223998447,-16.37226504670397
log10_rate_const_plus_eps,rate_const_186,186,O2-ELECTRONIC 10EV,-1.4244581544537196,0.06725355666267507,14.410794273439304,-18.465894683580895
log10_rate_const_plus_eps,rate_const_187,187,O2-IONIZATION,-1.4081328638384984,0.044930602526708885,14.827748737930643,-17.719951049852252
log10_rate_const_plus_eps,rate_const_188,188,02-130NM LINE EXCITE,-1.3578107210341002,-0.032677463346891145,13.966861270305875,-19.612073427095215
log10_rate_const_plus_eps,rate_const_189,189,O + O^ + E + E,-1.109363963079922,-0.6335515048593483,14.729783695545983,-20.868619380010955
log10_rate_const_plus_eps,rate_const_190,190,O2+ -ELASTIC,1.366317180362376,0.1466579297923909,0.9287941067311669,-4.314507549316084
log10_rate_const_plus_eps,rate_const_191,191,O2+ -RECOMBINATION,1.4086287248501403,0.27728117091322924,0.3765170074352784,-8.009218386737501
log10_rate_const_plus_eps,rate_const_192,192,O2- -MOMENTUM TRANSFER,1.3664825694017906,0.14682756646960637,0.9287453382803574,-4.314450374330211
log10_rate_const_plus_eps,rate_const_193,193,E + O2- > O2 + E + E,-1.7207403876261642,0.9912131419537484,14.750113601680887,-14.337455861149538
log10_rate_const_plus_eps,rate_const_194,194,O-MOMENTUM,-1.4684759978164932,0.3788391511045117,0.45889517176996975,-7.223384151992608
log10_rate_const_plus_eps,rate_const_195,195,O-1D,-4.186851666907541,17.435926393908154,7.268828932882508,-10.91767408663302
log10_rate_const_plus_eps,rate_const_196,196,O-1S,-1.7209081915440878,0.9911253744582402,13.937885454808148,-16.112428121903303
log10_rate_const_plus_eps,rate_const_197,197,O-3s 5S0,-1.4320761750501096,0.07755524309198991,14.675318885221644,-17.919154315165844
log10_rate_const_plus_eps,rate_const_198,198,O-3s 3S0,-1.4330196098521106,0.078943054323096,14.93967462954996,-17.39895100884009
log10_rate_const_plus_eps,rate_const_199,199,O-3p 5P,-1.42812981485282,0.07197485990682928,14.575051593982975,-18.131062784862483
log10_rate_const_plus_eps,rate_const_200,200,O-3p 3P,-1.426204795097457,0.0694459630088482,14.726523770685024,-17.84316662979302
log10_rate_const_plus_eps,rate_const_201,201,O-ION,-1.390376229428448,0.017873926167957688,14.715511741272504,-18.016382237754854
log10_rate_const_plus_eps,rate_const_202,202,O+ -ELASTIC,1.366317180362376,0.1466579297923909,0.9287941067311669,-4.314507549316084
log10_rate_const_plus_eps,rate_const_203,203,O- ELASTIC,1.366317180362376,0.1466579297923909,0.9287941067311669,-4.314507549316084
log10_rate_const_plus_eps,rate_const_204,204,O- Detachment,-1.7198545523431792,0.9898860352474763,14.696329868436115,-14.458333250558814
asinh_rate_const_scaled,rate_const_001,1,AR3S-ELASTIC,-1.3604266900660607,0.049033182576241785,1.7339722943561253,91.24073951076562
asinh_rate_const_scaled,rate_const_002,2,AR3S > AR4SM,-1.4198416707620296,0.06071233182853941,34.01802233722298,66.30835591031256
asinh_rate_const_scaled,rate_const_003,3,AR3S > AR4SR,-1.4214579643719372,0.06295408042577844,34.15047337937937,66.58192506289333
asinh_rate_const_scaled,rate_const_004,4,AR3S > AR4SPM,-1.41725977998632,0.05688600947087519,33.313659408887865,64.91058333561371
asinh_rate_const_scaled,rate_const_005,5,AR3S > AR4SPR,-1.4152446790594087,0.054496578101807636,34.157739640712116,66.53722572315502
asinh_rate_const_scaled,rate_const_006,6,AR3S > AR4P,-1.4067257804290998,0.04149241468154674,34.45086637332418,67.02164569120433
asinh_rate_const_scaled,rate_const_007,7,AR3S > AR3D,-1.3922559459775061,0.019553770998012254,33.992161234994576,65.98180283948709
asinh_rate_const_scaled,rate_const_008,8,AR3S > AR5S,-1.3851651153451612,0.008603290668374619,33.26427919606237,64.49661461074412
asinh_rate_const_scaled,rate_const_009,9,AR3S > AR5P,-1.3837809956382037,0.00657868790660876,33.680318254672905,65.28914996022289
asinh_rate_const_scaled,rate_const_010,10,AR3S > AR4D,-1.3601705190065732,-0.029173538148655975,32.75629547561051,63.25805182794301
asinh_rate_const_scaled,rate_const_011,11,AR3S > AR6S,-1.3535635207961862,-0.040064070531474094,32.41692436792793,62.53122785068215
asinh_rate_const_scaled,rate_const_012,12,AR3S > AR-RYD,-1.1537244786496441,-0.5911112521885937,34.46249374575921,60.56127151801072
asinh_rate_const_scaled,rate_const_013,13,AR3S > AR^,-1.1463809832142602,-0.5983385511303032,35.929553934434445,63.067095952912474
asinh_rate_const_scaled,rate_const_014,14,AR3S > AR^^,0.2595600374860365,-1.8769975767848417,37.74078848377282,33.71777430042899
asinh_rate_const_scaled,rate_const_015,15,AR4SM-ELASTIC,-1.409035873281597,0.36904490943535295,0.8143960406619265,93.41103014969254
asinh_rate_const_scaled,rate_const_016,16,AR4SM > AR3S,-1.5111961867099792,0.47686799882130204,0.9652070937440979,86.2277858457946
asinh_rate_const_scaled,rate_const_017,17,AR4SM > AR4SR,-1.949042167259555,2.013124558321051,0.5334746067318664,92.22080774939944
asinh_rate_const_scaled,rate_const_018,18,AR4SM > AR4SPM,-2.1006276545903733,2.8025665310528716,1.6088458786598738,88.33742398000732
asinh_rate_const_scaled,rate_const_019,19,AR4SM > AR4SPR,-2.458863682340233,6.4965569121430065,2.4572122873039355,89.06198812623923
asinh_rate_const_scaled,rate_const_020,20,"AR4SM>AR4P,3D,5S,5P",-4.530576614638718,20.05257958430515,17.19821173942283,87.2113091464623
asinh_rate_const_scaled,rate_const_021,21,"AR4SM > AR4D,6S,RYD",-1.73013448540513,1.0102134220128338,34.17180150777035,74.78102193286476
asinh_rate_const_scaled,rate_const_022,22,AR4SM > AR^,-1.7152590013457243,0.9792414768333995,34.190841478652054,74.66521026167283
asinh_rate_const_scaled,rate_const_023,23,AR4SR-ELASTIC,-0.5946586389331365,-0.7361971497537301,0.31565715643310904,93.68610060484922
asinh_rate_const_scaled,rate_const_024,24,AR4SR > AR3S,-1.5759632257536302,0.6802787890633324,0.7023199858592095,87.03200348566895
asinh_rate_const_scaled,rate_const_025,25,AR4SR > AR4SM,1.3674642495493812,0.20399804293570067,0.062324201560239635,93.01513307812628
asinh_rate_const_scaled,rate_const_026,26,AR4SR > AR4SPM,-1.9342600528331118,1.9538049250284582,0.6063892041139934,89.29227531003187
asinh_rate_const_scaled,rate_const_027,27,AR4SR > AR4SPR,-2.083212726317455,2.721240266259483,1.710101530561628,89.89441829510737
asinh_rate_const_scaled,rate_const_028,28,"AR4SR>AR4P,3D,5S,5P",-4.563746016234854,20.2990855369922,17.180645790798895,87.36568501197058
asinh_rate_const_scaled,rate_const_029,29,"AR4SR > AR4D,6S,RYD",-1.7306180461660947,1.0111770737125516,34.186993797468354,74.81922460898602
asinh_rate_const_scaled,rate_const_030,30,AR4SR > AR^,-1.71645576063241,0.9818344030404451,34.21372602349795,74.72825192452176
asinh_rate_const_scaled,rate_const_031,31,AR4SPM-ELASTIC,-1.318553716349947,0.2706753330870302,0.6365831596416907,93.50540394471352
asinh_rate_const_scaled,rate_const_032,32,AR4SPM > AR3S,-1.5220161581566545,0.5062953871948737,0.9390527787852078,86.1874664240814
asinh_rate_const_scaled,rate_const_033,33,AR4SPM > AR4SM,1.3674642495495382,0.20399804293598622,0.06232420156023927,90.71254798513223
asinh_rate_const_scaled,rate_const_034,34,AR4SPM > AR4SR,1.3674642495495382,0.20399804293598622,0.06232420156023927,90.71254798513223
asinh_rate_const_scaled,rate_const_035,35,AR4SPM > AR4SPR,1.6338522453168733,2.8468191768219393,0.2803552718435682,91.41530648153001
asinh_rate_const_scaled,rate_const_036,36,"AR4SPM>AR4P,3D,5S,5P",-4.605233751461048,20.607543360386533,17.162070026499855,87.57166072725077
asinh_rate_const_scaled,rate_const_037,37,"AR4SPM > AR4D,6S,RYD",-1.7312172415441047,1.0123656093546423,34.20736099316306,74.86992474932012
asinh_rate_const_scaled,rate_const_038,38,AR4SPM > AR^,-1.7178824301333862,0.9849026420564755,34.243821107411975,74.8094845216559
asinh_rate_const_scaled,rate_const_039,39,AR4SPR-ELASTIC,-1.0654008687087382,-0.3539597085848931,0.515780732087221,93.56095879036569
asinh_rate_const_scaled,rate_const_040,40,AR4SPR > AR3S,-1.4213745589451827,0.32102705118328245,1.106657943584386,87.25733173217436
asinh_rate_const_scaled,rate_const_041,41,AR4SPR > AR4SM,1.3674642495495382,0.20399804293598622,0.06232420156023927,90.71254798513223
asinh_rate_const_scaled,rate_const_042,42,AR4SPR > AR4SR,1.3674642495495382,0.20399804293598622,0.06232420156023927,90.71254798513223
asinh_rate_const_scaled,rate_const_043,43,AR4SPR > AR4SPM,1.3235448784715442,0.08295661980221203,0.7511053581214895,90.64610426027812
asinh_rate_const_scaled,rate_const_044,44,"AR4SPR>AR4P,3D,5S,5P",-4.646510024211106,20.913693755403095,17.148674742195723,87.79672016295694
asinh_rate_const_scaled,rate_const_045,45,"AR4SPR > AR4D,6S,RYD",-1.7318119858104064,1.0135389581604421,34.229708644396275,74.92490012835881
asinh_rate_const_scaled,rate_const_046,46,AR4SPR > AR^,-1.7192710119693735,0.9878659735803135,34.27609962081873,74.89500978080045
asinh_rate_const_scaled,rate_const_047,47,AR4P-ELASTIC,-1.4243077428678341,0.3751034455755389,0.8693472651947708,93.38213461902338
asinh_rate_const_scaled,rate_const_048,48,AR4P > AR3S,-1.5800109823151272,0.6697557273980612,0.7485103061648397,86.75238908417165
asinh_rate_const_scaled,rate_const_049,49,AR4P > AR4SM,-1.5949508791206057,0.7123301808592188,1.0390006044898663,90.75453587385499
asinh_rate_const_scaled,rate_const_050,50,AR4P > AR4SR,-1.6004708870859545,0.7294404303880819,1.019722378972949,90.32880178082807
asinh_rate_const_scaled,rate_const_051,51,AR4P > AR4SPM,-1.6083787613547496,0.7539665414769114,0.9929642121318899,89.34954363839657
asinh_rate_const_scaled,rate_const_052,52,AR4P > AR4SPR,-1.6178453482378887,0.7833852202926908,0.9621116494568844,90.5867946891631
asinh_rate_const_scaled,rate_const_053,53,"AR4P > AR4D,6S,RYD",-4.362152193329775,18.76121370956563,17.36759617193354,86.69653034000756
asinh_rate_const_scaled,rate_const_054,54,AR4P > AR^,-1.729743025061208,1.0094731574752442,34.633037881473655,75.78643714246135
asinh_rate_const_scaled,rate_const_055,55,AR4D-ELASTIC,-1.4806488765948311,0.40926889399252975,0.9512817663634465,93.56184356960452
asinh_rate_const_scaled,rate_const_056,56,AR4D > AR3S,-1.4023069297473112,0.28962102505164644,1.1006139457558977,83.84171139946862
asinh_rate_const_scaled,rate_const_057,57,AR4D > AR4SM,-1.633805598436748,0.8255533977141694,0.9515210844374434,89.58453492564493
asinh_rate_const_scaled,rate_const_058,58,AR4D > AR4SR,-1.6340934680209347,0.8267047349971977,0.9569360019897728,89.08656922294908
asinh_rate_const_scaled,rate_const_059,59,AR4D > AR4SPM,-1.634552621019121,0.828404410123821,0.9645241127537386,88.0060475612096
asinh_rate_const_scaled,rate_const_060,60,AR4D > AR4SPR,-1.635133561868862,0.8305062319168943,0.973296224469346,89.12567750252339
asinh_rate_const_scaled,rate_const_061,61,"AR4D > AR4P,3D,5S,5P",-1.644578412483406,0.8687167973528407,1.189057380268366,90.05826174264573
asinh_rate_const_scaled,rate_const_062,62,AR4D > AR^,-4.595062128607095,20.519414906341677,17.416054821626453,88.7752280442403
asinh_rate_const_scaled,rate_const_063,63,AR+ -ELASTIC,1.3663171803623706,0.14665792979238068,2.1386274646199053,97.9999217269968
asinh_rate_const_scaled,rate_const_064,64,AR+ -RECOMBINATION,1.4086115509189134,0.2772575439572802,0.8669655439145678,79.14414197077889
asinh_rate_const_scaled,rate_const_065,65,AR+ IONIZATION,-0.656520628034125,-1.3897600171980729,36.28532413089584,52.52713828102215
asinh_rate_const_scaled,rate_const_066,66,AR2+ -MOMTIC,1.3663171803623706,0.14665792979238068,2.1386274646199053,97.9999217269968
asinh_rate_const_scaled,rate_const_067,67,AR2+ -RECOMBINATION,1.4086491233535872,0.27732295545930974,0.8669569989867696,92.1991119342861
asinh_rate_const_scaled,rate_const_068,68,H -ELASTIC,-1.3024617724739909,0.5708349049644124,0.2666279373705791,91.90348789551987
asinh_rate_const_scaled,rate_const_069,69,H > H*,-1.4292407346574822,0.07400134200511355,35.156148470562336,68.61970065496035
asinh_rate_const_scaled,rate_const_070,70,H > H**,-1.4163700098844372,0.05584696275808643,34.070870862595875,66.37806987042163
asinh_rate_const_scaled,rate_const_071,71,H > H***,-1.405471572080144,0.039836910198478126,33.46356064764191,65.08943198762083
asinh_rate_const_scaled,rate_const_072,72,H > H+,-1.3902321468641423,0.017848203002736263,34.059722623551046,66.09797412145195
asinh_rate_const_scaled,rate_const_073,73,H* -ELASTIC,-1.2993453768522727,0.2303240614319364,0.535963906436324,92.45615152295339
asinh_rate_const_scaled,rate_const_074,74,H*  > H,-1.4607255624960644,0.41003346869085044,0.9493866684999931,89.81409925318428
asinh_rate_const_scaled,rate_const_075,75,H*  > H**,-4.366127538467143,18.774326992848355,17.21174643749957,85.91699449721128
asinh_rate_const_scaled,rate_const_076,76,H*  > H***,-1.7330816824350492,1.0160349886614712,34.1193517937196,74.69620755993874
asinh_rate_const_scaled,rate_const_077,77,H*  > H^,-1.7267171648234128,1.0033739892191766,34.50256580116961,75.46937124794815
asinh_rate_const_scaled,rate_const_078,78,H+ -ELASTIC,1.3663171803623706,0.14665792979238068,2.1386274646199053,97.9999217269968
asinh_rate_const_scaled,rate_const_079,79,H+ -RECOMBINATION,1.4085956363941428,0.27725462870573825,0.8669653520847097,79.41467996984895
asinh_rate_const_scaled,rate_const_080,80,H- -ELASTIC,1.368945893683798,0.14956408930761933,2.136620978606246,98.00242249209992
asinh_rate_const_scaled,rate_const_081,81,H- -DETACHMENT,-4.221203526298661,17.843245900135337,17.62343979245453,87.05862646936447
asinh_rate_const_scaled,rate_const_082,82,H2-ELASTIC,-1.6836908513355613,1.0274163268585346,0.7473575035730292,91.3984472699093
asinh_rate_const_scaled,rate_const_083,83,H2-ROTATIONAL (0-2),-1.6575303578105673,0.9032972037885627,1.9659068738966625,89.15378053498625
asinh_rate_const_scaled,rate_const_084,84,H2-ROTATIONAL (1-3),-1.676521210043051,0.9764529699324402,2.1282352065155155,88.52663831131224
asinh_rate_const_scaled,rate_const_085,85,H2 > H2(V=1),-2.4080227066125026,6.837010078837247,4.163709997633721,86.36591163720797
asinh_rate_const_scaled,rate_const_086,86,H2 > H2(V=2),-3.187823374617671,8.579194140629374,21.791095113038683,78.21652723081431
asinh_rate_const_scaled,rate_const_087,87,H2 > H2(b 3 SIGMA),-1.4342832766054898,0.08102798982485693,34.95550617418141,68.27714613064443
asinh_rate_const_scaled,rate_const_088,88,H2 > H2(c 3 PI),-1.4268853262990526,0.07033688489152379,34.69751107295617,67.70050771165792
asinh_rate_const_scaled,rate_const_089,89,H2 > H + H,-1.4356303790290428,0.08299319044846154,35.52664874862225,69.40631848762594
asinh_rate_const_scaled,rate_const_090,90,H2 > H2+,-1.1541495536321447,-0.5905509300970331,35.713258706207974,62.76371296321661
asinh_rate_const_scaled,rate_const_091,91,H2 > H*(ALPHA),-1.1428926574482012,-0.6039825375770951,33.974997615737706,59.59564775721381
asinh_rate_const_scaled,rate_const_092,92,H2 > H + H,-1.423807908679808,0.0664540988349902,34.694036849456296,67.6652025615704
asinh_rate_const_scaled,rate_const_093,93,H2* -ELASTIC,-1.6933481132707564,1.0429727260977408,0.7496663298525748,91.4055111043419
asinh_rate_const_scaled,rate_const_094,94,H2*  > H2,-1.5099011849419512,0.45418617172436315,0.8787681012071782,88.71027994748124
asinh_rate_const_scaled,rate_const_095,95,H2*  > H2^,-1.443301449415404,0.09464532167149109,36.14412890011487,70.69258820077717
asinh_rate_const_scaled,rate_const_096,96,H2+ -ELASTIC,1.3663201168101442,0.1466608412096817,2.1386255545946913,97.99992391356858
asinh_rate_const_scaled,rate_const_097,97,H2+ > H+ + H,-1.6055248650188048,0.7506481406934533,0.6599290538958354,91.65333237120828
asinh_rate_const_scaled,rate_const_098,98,H2+ > H + H,1.3789956421663145,0.1943690661379578,0.7824979090069148,90.63423772067581
asinh_rate_const_scaled,rate_const_099,99,H2+ > H+ + H-,1.271878055638795,-0.037414078371609705,0.6787711952614571,85.35008746810122
asinh_rate_const_scaled,rate_const_100,100,H3+ -ELASTIC,1.366416879612329,0.14675997358796922,2.1385597685752806,98.00000112100349
asinh_rate_const_scaled,rate_const_101,101,H3+ > H+ + H,-1.3689734505987072,-0.018148521204850443,34.87859222887502,67.44098165659405
asinh_rate_const_scaled,rate_const_102,102,H3+ > H + H2,1.360381644871424,0.1968125418966622,0.7177466019529252,90.97200815407567
asinh_rate_const_scaled,rate_const_103,103,H3+ > H2 + H,1.2859913502353355,-0.0167330958756442,1.6073979201117101,85.22323405843629
asinh_rate_const_scaled,rate_const_104,104,H3+ > H + H + H,1.2860034042471262,-0.016727948409059668,1.607386553479734,86.13953646746921
asinh_rate_const_scaled,rate_const_105,105,H3+ > H^ + H + H,-1.1361443690559985,-0.6117357752092012,34.7771711212424,60.931203575169086
asinh_rate_const_scaled,rate_const_106,106,OH-MOM TRANS,-1.7114910366733473,1.0839582223917041,1.125578690165235,91.9783416996809
asinh_rate_const_scaled,rate_const_107,107,OH-V1,-4.809534606461959,22.066809181779146,16.325252912834284,84.58485455873203
asinh_rate_const_scaled,rate_const_108,108,OH-A1PI,-1.4339908432855342,0.08082447650016,35.33982517168883,69.02559342715813
asinh_rate_const_scaled,rate_const_109,109,OH-DISSOC,-1.4096308093216765,0.04588424386719048,34.45565440586156,67.06027123680246
asinh_rate_const_scaled,rate_const_110,110,OH-C1SIGMA,-1.41929251054665,0.06022194596596897,33.84522314238403,65.96714257693327
asinh_rate_const_scaled,rate_const_111,111,OH-E1PI,-1.379658998674681,0.0018787530212525105,32.62445713115349,63.20777928143128
asinh_rate_const_scaled,rate_const_112,112,OH-B1SIGMA,-1.4226454433821936,0.0648329882293952,33.57266179768594,65.46717526892306
asinh_rate_const_scaled,rate_const_113,113,OH-I1SIGMA,-1.4291906574641056,0.07366619754656734,33.90885698159482,66.18389952379607
asinh_rate_const_scaled,rate_const_114,114,OH-D1DELTA,-1.425004911081706,0.06759844133193305,33.47277429816243,65.29291563391733
asinh_rate_const_scaled,rate_const_115,115,OH-A3PI,-1.4480651989087316,0.10131787464865649,36.12775076241169,70.7081659356919
asinh_rate_const_scaled,rate_const_116,116,OH-A3SIGMA,-1.435018763728355,0.08213062790181613,35.05663330467463,68.48209551844619
asinh_rate_const_scaled,rate_const_117,117,OH-D3DELTA,-1.433173880335278,0.07949030746303842,34.15349270307815,66.70009605905793
asinh_rate_const_scaled,rate_const_118,118,OH-E3SIGMA,-1.4332236493903479,0.07916951659831817,33.934085983080834,66.27085940763
asinh_rate_const_scaled,rate_const_119,119,OH-B3SIGMA,-1.4332325134488464,0.07896582588502632,34.01331657234801,66.42499291850079
asinh_rate_const_scaled,rate_const_120,120,OH^-X2SIGMA--Not Used,0.0,0.0,0.0,0.0
asinh_rate_const_scaled,rate_const_121,121,OH^-A2PI--Not Used,0.0,0.0,0.0,0.0
asinh_rate_const_scaled,rate_const_122,122,OH^-B2SIGMA--Not Used,0.0,0.0,0.0,0.0
asinh_rate_const_scaled,rate_const_123,123,"OH-DISSOC, C^+O--Not Used",0.0,0.0,0.0,0.0
asinh_rate_const_scaled,rate_const_124,124,"OH-DISSOC,C+O^--Not used",0.0,0.0,0.0,0.0
asinh_rate_const_scaled,rate_const_125,125,OH-Ionization,-1.393966703111933,0.023382837865348005,34.429172231620264,66.85301833570179
asinh_rate_const_scaled,rate_const_126,126,OH- -MOM,1.3663765546071827,0.14671795161431866,2.1385879936701557,97.9999674545122
asinh_rate_const_scaled,rate_const_127,127,OH- -DETACH,-1.727728408845747,1.005544582431817,34.24763143893926,74.92260790559259
asinh_rate_const_scaled,rate_const_128,128,E + H2O-MOMENTUM TRANSFER,-0.8997531944666751,0.8180973822205582,0.26808891817834657,91.8800657442034
asinh_rate_const_scaled,rate_const_129,129,E + H2O > H2OV(100) + E,-2.6886426618041703,9.0267986553729,3.0679752097602715,86.86033900047282
asinh_rate_const_scaled,rate_const_130,130,E + H2O > H2OV(010) + E,-2.229116708064442,3.439661672911855,1.4932951234853837,87.47005507980805
asinh_rate_const_scaled,rate_const_131,131,E + H2O > H2OV(001) + E,-2.707269142507231,9.250531395338035,3.1317067120476665,86.83304752507578
asinh_rate_const_scaled,rate_const_132,132,E + H2O > H- + OH + E,-1.4497326256567817,0.10360722442316206,34.38525181222213,67.3134885921276
asinh_rate_const_scaled,rate_const_133,133,E + H2O > O- + H2 + E,-1.7124259506980155,0.9727774102255662,31.25328803832181,68.22099212329967
asinh_rate_const_scaled,rate_const_134,134,E + H2O > OH- + H + E,-1.7119230151466605,0.9712757800618035,30.723452586021256,67.05829454406572
asinh_rate_const_scaled,rate_const_135,135,E + H2O > OH + H + E,-1.4380609096144283,0.08715258183104346,35.394119498975584,69.17371594494368
asinh_rate_const_scaled,rate_const_136,136,E + H2O > O + 2H + E,-1.3835962626263318,0.008161543925020442,32.19043166611192,62.4077714847148
asinh_rate_const_scaled,rate_const_137,137,E + H2O > H2O^ + 2E,-1.3940006356241772,0.023280927996966128,34.251675396820836,66.50805843362237
asinh_rate_const_scaled,rate_const_138,138,E + H2O > OH^ + H + E,-1.1163625650257498,-0.6287964589524386,34.41774959971081,60.1219393022482
asinh_rate_const_scaled,rate_const_139,139,E + H2O > O^ + 2H + 2E,-0.6897957819750433,-1.37216937860306,34.79700308189957,50.71202801259769
asinh_rate_const_scaled,rate_const_140,140,E + H2O > H2^ + O + E,-0.4696416161045136,-1.5926941598526596,33.74396956938651,44.95623249492257
asinh_rate_const_scaled,rate_const_141,141,E + H2O > H^ + OH + 2E,-1.0744223754866171,-0.6772785851234651,33.61634082681182,58.26253885198962
asinh_rate_const_scaled,rate_const_142,142,E + H2O > H + OH(A) + E,-1.4332534826013812,0.07944437872917298,34.57995066612941,67.53321361895127
asinh_rate_const_scaled,rate_const_143,143,E + H2O > H(2) [121.6nm] +OH+E,-1.1426136238769995,-0.6015281773064007,33.85538564285655,59.393618787967704
asinh_rate_const_scaled,rate_const_144,144,E + H2O > H(3) [656.3nm] +OH+E,-1.1057394874403512,-0.6426240029977754,33.317598826815214,58.08082953539229
asinh_rate_const_scaled,rate_const_145,145,E + H2O > H(4) [486.1nm] +OH+E,-1.0953467455804673,-0.6554134621572398,32.49785878307217,56.53596174895894
asinh_rate_const_scaled,rate_const_146,146,E + H2O >O(3p5P)[777.4nm]+H2+E,-1.091986672249959,-0.654556652015339,31.827095456325075,55.366801658156824
asinh_rate_const_scaled,rate_const_147,147,E + H2OV-MOMENTUM TRANSFER,-0.8995952479729332,0.8174205155309333,0.2681113030581689,91.88009133437797
asinh_rate_const_scaled,rate_const_148,148,E + H2OV(100) > H2O+E x 1e-10,1.4447536517780906,0.5470758054461844,0.4517417783131454,65.44501778683761
asinh_rate_const_scaled,rate_const_149,149,E + H2OV(010) > H2O+E x 1e-10,1.455013482386064,0.36181781714195926,0.3541724811419633,65.27708808116613
asinh_rate_const_scaled,rate_const_150,150,E + H2OV(001) > H2O+E x 1e-10,1.4747110158478929,0.5980396047505758,0.47836293366637755,65.45914313945676
asinh_rate_const_scaled,rate_const_151,151,E + H2OV > H- + OH + E,-1.4500543927079823,0.10404172544739243,34.39679136648998,67.339084343997
asinh_rate_const_scaled,rate_const_152,152,E + H2OV > O- + H2 + E,-1.7179485778179973,0.9848524302896853,31.28180837948766,68.33874544235466
asinh_rate_const_scaled,rate_const_153,153,E + H2OV > OH- + H + E,-1.7174576835948054,0.983469739950448,30.744085074796764,67.15830730375671
asinh_rate_const_scaled,rate_const_154,154,E + H2OV > OH + H + E,-1.4397689673144385,0.08969049063009127,35.447504161222284,69.29532893739692
asinh_rate_const_scaled,rate_const_155,155,E + H2OV > O + 2H + E,-1.3903674751506923,0.01825007385337596,32.283894991211355,62.65433931869779
asinh_rate_const_scaled,rate_const_156,156,E + H2OV > H2O^ + 2E,-1.3998239798804872,0.03194155898248763,34.34744168971468,66.75331782635375
asinh_rate_const_scaled,rate_const_157,157,E + H2OV > OH^ + H + E,-1.1215028557625377,-0.6232517776877797,34.499067413323075,60.31654704141265
asinh_rate_const_scaled,rate_const_158,158,E + H2OV > O^ + 2H + 2E,-0.8331500803765051,-1.1098391816835276,33.5826622519694,52.785158756796875
asinh_rate_const_scaled,rate_const_159,159,E + H2OV > H2^ + O + E,-0.5753329998922996,-1.4280138177807222,32.76572362259554,46.615819946639796
asinh_rate_const_scaled,rate_const_160,160,E + H2OV > H^ + OH + 2E,-1.0838932720596999,-0.6659993998182845,33.68955005840498,58.49704067141548
asinh_rate_const_scaled,rate_const_161,161,E + H2OV > H + OH(A) + E,-1.4348396126320506,0.08181772133591547,34.636139121501024,67.65873684733248
asinh_rate_const_scaled,rate_const_162,162,E + H2OV > H(2)[121.6nm] +OH+E,-1.1481205656633375,-0.5960336381490792,33.951704516556795,59.61382528373455
asinh_rate_const_scaled,rate_const_163,163,E + H2OV > H(3)[656.3nm] +OH+E,-1.1111379210272299,-0.6364689960128498,33.39416255008483,58.27149355044516
asinh_rate_const_scaled,rate_const_164,164,E + H2OV > H(4)[486.1nm] +OH+E,-1.100980579129536,-0.6488298077084433,32.570421178294964,56.72402106273898
asinh_rate_const_scaled,rate_const_165,165,E + H2OV>O(3p5P)[777.4nm]+H2+E,-1.097958614921705,-0.6480087978700562,31.90201175545967,55.55650796392606
asinh_rate_const_scaled,rate_const_166,166,E + H2OV > H2O+E (average),1.4122090287650908,0.49435696160261866,0.3496009453106508,88.37742945463086
asinh_rate_const_scaled,rate_const_167,167,H2O+ -MOMTIC,1.3663171803623706,0.14665792979238068,2.1386274646199053,97.9999217269968
asinh_rate_const_scaled,rate_const_168,168,H2O+ -RECOMBINATION,1.4086491233535872,0.27732295545930974,0.8669569989867696,92.1991119342861
asinh_rate_const_scaled,rate_const_169,169,H2O2-MOM,-1.4243077428678341,0.3751034455755389,0.8693472651947708,93.38213461902338
asinh_rate_const_scaled,rate_const_170,170,H2O2 > H2O + O-,0.7684321150364087,-0.3488587687897793,0.8102892492503112,83.73931889939188
asinh_rate_const_scaled,rate_const_171,171,H2O2 > OH + OH-,0.7683345496516104,-0.34886799219880515,0.8102999145403736,85.12558282776283
asinh_rate_const_scaled,rate_const_172,172,O2-MOMENTUM,-1.5187997822315948,0.659495352510084,1.2698372284818114,91.23077775435148
asinh_rate_const_scaled,rate_const_173,173,O2-ATTACHMENT TWO BODY,-1.7066810413765796,0.958894624817412,31.641036088032923,69.00460918200717
asinh_rate_const_scaled,rate_const_174,174,O2-ROTATIONAL,1.5578309307172682,2.797584984330202,0.6533812634157459,81.10466094033109
asinh_rate_const_scaled,rate_const_175,175,O2-VIB 1,-1.6923303279918886,4.486485444525928,1.5977054453448003,82.87291872302784
asinh_rate_const_scaled,rate_const_176,176,O2-VIB 2,-3.5242671652295203,20.39687269668904,2.5680675866305527,81.16904381839518
asinh_rate_const_scaled,rate_const_177,177,O2-VIB 3,-2.1247697209076857,4.640816714278889,4.727836407841918,83.9359233206282
asinh_rate_const_scaled,rate_const_178,178,O2-VIB 4,-1.8053583924773628,2.453609313372823,5.851383072668946,82.68290658119886
asinh_rate_const_scaled,rate_const_179,179,O2-SINGLET DELTA,-4.520953796422193,20.031724823629585,16.199590512158316,82.15214771977952
asinh_rate_const_scaled,rate_const_180,180,O2-B-SINGLET SIGMA,-4.339562574214463,18.618493171961333,16.14928908279676,80.4917276990021
asinh_rate_const_scaled,rate_const_181,181,O2-VIB 1(res),-1.721172224027164,0.9917143528284598,32.94328023126596,72.0018394406348
asinh_rate_const_scaled,rate_const_182,182,O2-VIB 2(res),-1.7219859904655428,0.9934271157398507,32.645431081706285,71.35913627449229
asinh_rate_const_scaled,rate_const_183,183,O2-ELECTRONIC 4.5EV,-1.7139900509122237,0.9758887757532548,32.57488721456261,71.12128342826179
asinh_rate_const_scaled,rate_const_184,184,O2-ELECTRONIC 6EV,-1.4476658849476467,0.10074880810945253,35.388984172979306,69.2583413831068
asinh_rate_const_scaled,rate_const_185,185,O2-ELECTRONIC 8.4EV,-1.4393895665552208,0.08858668245707513,35.85814941383186,70.09249929707912
asinh_rate_const_scaled,rate_const_186,186,O2-ELECTRONIC 10EV,-1.4248808798893782,0.06789552697978518,33.46181120658125,65.27173890495575
asinh_rate_const_scaled,rate_const_187,187,O2-IONIZATION,-1.4087991581871349,0.04591534136174502,34.42123817829571,66.98933759619315
asinh_rate_const_scaled,rate_const_188,188,02-130NM LINE EXCITE,-1.3592936694858324,-0.03037185990571123,32.43676475862233,62.63256481623304
asinh_rate_const_scaled,rate_const_189,189,O + O^ + E + E,-1.1110393909009773,-0.6318497049539449,34.20860365966424,59.715359209471394
asinh_rate_const_scaled,rate_const_190,190,O2+ -ELASTIC,1.3663171803623706,0.14665792979238068,2.1386274646199053,97.9999217269968
asinh_rate_const_scaled,rate_const_191,191,O2+ -RECOMBINATION,1.4086287248501068,0.2772811709131684,0.866962448579201,89.4925356298267
asinh_rate_const_scaled,rate_const_192,192,O2- -MOMENTUM TRANSFER,1.3664825694017857,0.14682756646959616,2.1385151711120627,98.00005337726697
asinh_rate_const_scaled,rate_const_193,193,E + O2- > O2 + E + E,-1.7210029638644837,0.9917619226405376,34.22458545772321,74.80172222173995
asinh_rate_const_scaled,rate_const_194,194,O-MOMENTUM,-1.4684759978165296,0.37883915110458277,1.0566451817644746,91.30198582431468
asinh_rate_const_scaled,rate_const_195,195,O-1D,-4.197826291783812,17.518024211773625,16.854411285570702,82.77166726469785
asinh_rate_const_scaled,rate_const_196,196,O-1S,-1.7211822327341366,0.9917080425360414,32.35436283507012,70.71469755365038
asinh_rate_const_scaled,rate_const_197,197,O-3s 5S0,-1.4323698978400994,0.07801678539813128,34.07119981478116,66.53065512700633
asinh_rate_const_scaled,rate_const_198,198,O-3s 3S0,-1.4332936780645273,0.07937367520797656,34.67993957988377,67.7284675054782
asinh_rate_const_scaled,rate_const_199,199,O-3p 5P,-1.4284883094142111,0.07253286068162224,33.84016853228103,66.04271784360367
asinh_rate_const_scaled,rate_const_200,200,O-3p 3P,-1.4265904413355686,0.0700394298953837,34.18887164052413,66.70562323859691
asinh_rate_const_scaled,rate_const_201,201,O-ION,-1.39131460495038,0.019301557212186182,34.16204889532898,66.3067795618301
asinh_rate_const_scaled,rate_const_202,202,O+ -ELASTIC,1.3663171803623706,0.14665792979238068,2.1386274646199053,97.9999217269968
asinh_rate_const_scaled,rate_const_203,203,O- ELASTIC,1.3663171803623706,0.14665792979238068,2.1386274646199053,97.9999217269968
asinh_rate_const_scaled,rate_const_204,204,O- Detachment,-1.720132032043405,0.9904566957643155,34.10071697086795,74.52339174680613
